date,day.yr
01 Jan 2015,1
02 Jan 2015,2
03 Jan 2015,3
04 Jan 2015,4
05 Jan 2015,5
06 Jan 2015,6
07 Jan 2015,7
08 Jan 2015,8
09 Jan 2015,9
10 Jan 2015,10
11 Jan 2015,11
12 Jan 2015,12
13 Jan 2015,13
14 Jan 2015,14
15 Jan 2015,15
16 Jan 2015,16
17 Jan 2015,17
18 Jan 2015,18
19 Jan 2015,19
20 Jan 2015,20
21 Jan 2015,21
22 Jan 2015,22
23 Jan 2015,23
24 Jan 2015,24
25 Jan 2015,25
26 Jan 2015,26
27 Jan 2015,27
28 Jan 2015,28
29 Jan 2015,29
30 Jan 2015,30
31 Jan 2015,31
01 Feb 2015,32
02 Feb 2015,33
03 Feb 2015,34
04 Feb 2015,35
05 Feb 2015,36
06 Feb 2015,37
07 Feb 2015,38
08 Feb 2015,39
09 Feb 2015,40
10 Feb 2015,41
11 Feb 2015,42
12 Feb 2015,43
13 Feb 2015,44
14 Feb 2015,45
15 Feb 2015,46
16 Feb 2015,47
17 Feb 2015,48
18 Feb 2015,49
19 Feb 2015,50
20 Feb 2015,51
21 Feb 2015,52
22 Feb 2015,53
23 Feb 2015,54
24 Feb 2015,55
25 Feb 2015,56
26 Feb 2015,57
27 Feb 2015,58
28 Feb 2015,59
01 Mar 2015,60
02 Mar 2015,61
03 Mar 2015,62
04 Mar 2015,63
05 Mar 2015,64
06 Mar 2015,65
07 Mar 2015,66
08 Mar 2015,67
09 Mar 2015,68
10 Mar 2015,69
11 Mar 2015,70
12 Mar 2015,71
13 Mar 2015,72
14 Mar 2015,73
15 Mar 2015,74
16 Mar 2015,75
17 Mar 2015,76
18 Mar 2015,77
19 Mar 2015,78
20 Mar 2015,79
21 Mar 2015,80
22 Mar 2015,81
23 Mar 2015,82
24 Mar 2015,83
25 Mar 2015,84
26 Mar 2015,85
27 Mar 2015,86
28 Mar 2015,87
29 Mar 2015,88
30 Mar 2015,89
31 Mar 2015,90
01 Apr 2015,91
02 Apr 2015,92
03 Apr 2015,93
04 Apr 2015,94
05 Apr 2015,95
06 Apr 2015,96
07 Apr 2015,97
08 Apr 2015,98
09 Apr 2015,99
10 Apr 2015,100
11 Apr 2015,101
12 Apr 2015,102
13 Apr 2015,103
14 Apr 2015,104
15 Apr 2015,105
16 Apr 2015,106
17 Apr 2015,107
18 Apr 2015,108
19 Apr 2015,109
20 Apr 2015,110
21 Apr 2015,111
22 Apr 2015,112
23 Apr 2015,113
24 Apr 2015,114
25 Apr 2015,115
26 Apr 2015,116
27 Apr 2015,117
28 Apr 2015,118
29 Apr 2015,119
30 Apr 2015,120
01 May 2015,121
02 May 2015,122
03 May 2015,123
04 May 2015,124
05 May 2015,125
06 May 2015,126
07 May 2015,127
08 May 2015,128
09 May 2015,129
10 May 2015,130
11 May 2015,131
12 May 2015,132
13 May 2015,133
14 May 2015,134
15 May 2015,135
16 May 2015,136
17 May 2015,137
18 May 2015,138
19 May 2015,139
20 May 2015,140
21 May 2015,141
22 May 2015,142
23 May 2015,143
24 May 2015,144
25 May 2015,145
26 May 2015,146
27 May 2015,147
28 May 2015,148
29 May 2015,149
30 May 2015,150
31 May 2015,151
01 Jun 2015,152
02 Jun 2015,153
03 Jun 2015,154
04 Jun 2015,155
05 Jun 2015,156
06 Jun 2015,157
07 Jun 2015,158
08 Jun 2015,159
09 Jun 2015,160
10 Jun 2015,161
11 Jun 2015,162
12 Jun 2015,163
13 Jun 2015,164
14 Jun 2015,165
15 Jun 2015,166
16 Jun 2015,167
17 Jun 2015,168
18 Jun 2015,169
19 Jun 2015,170
20 Jun 2015,171
21 Jun 2015,172
22 Jun 2015,173
23 Jun 2015,174
24 Jun 2015,175
25 Jun 2015,176
26 Jun 2015,177
27 Jun 2015,178
28 Jun 2015,179
29 Jun 2015,180
30 Jun 2015,181
01 Jul 2015,182
02 Jul 2015,183
03 Jul 2015,184
04 Jul 2015,185
05 Jul 2015,186
06 Jul 2015,187
07 Jul 2015,188
08 Jul 2015,189
09 Jul 2015,190
10 Jul 2015,191
11 Jul 2015,192
12 Jul 2015,193
13 Jul 2015,194
14 Jul 2015,195
15 Jul 2015,196
16 Jul 2015,197
17 Jul 2015,198
18 Jul 2015,199
19 Jul 2015,200
20 Jul 2015,201
21 Jul 2015,202
22 Jul 2015,203
23 Jul 2015,204
24 Jul 2015,205
25 Jul 2015,206
26 Jul 2015,207
27 Jul 2015,208
28 Jul 2015,209
29 Jul 2015,210
30 Jul 2015,211
31 Jul 2015,212
01 Aug 2015,213
02 Aug 2015,214
03 Aug 2015,215
04 Aug 2015,216
05 Aug 2015,217
06 Aug 2015,218
07 Aug 2015,219
08 Aug 2015,220
09 Aug 2015,221
10 Aug 2015,222
11 Aug 2015,223
12 Aug 2015,224
13 Aug 2015,225
14 Aug 2015,226
15 Aug 2015,227
16 Aug 2015,228
17 Aug 2015,229
18 Aug 2015,230
19 Aug 2015,231
20 Aug 2015,232
21 Aug 2015,233
22 Aug 2015,234
23 Aug 2015,235
24 Aug 2015,236
25 Aug 2015,237
26 Aug 2015,238
27 Aug 2015,239
28 Aug 2015,240
29 Aug 2015,241
30 Aug 2015,242
31 Aug 2015,243
01 Sep 2015,244
02 Sep 2015,245
03 Sep 2015,246
04 Sep 2015,247
05 Sep 2015,248
06 Sep 2015,249
07 Sep 2015,250
08 Sep 2015,251
09 Sep 2015,252
10 Sep 2015,253
11 Sep 2015,254
12 Sep 2015,255
13 Sep 2015,256
14 Sep 2015,257
15 Sep 2015,258
16 Sep 2015,259
17 Sep 2015,260
18 Sep 2015,261
19 Sep 2015,262
20 Sep 2015,263
21 Sep 2015,264
22 Sep 2015,265
23 Sep 2015,266
24 Sep 2015,267
25 Sep 2015,268
26 Sep 2015,269
27 Sep 2015,270
28 Sep 2015,271
29 Sep 2015,272
30 Sep 2015,273
01 Oct 2015,274
02 Oct 2015,275
03 Oct 2015,276
04 Oct 2015,277
05 Oct 2015,278
06 Oct 2015,279
07 Oct 2015,280
08 Oct 2015,281
09 Oct 2015,282
10 Oct 2015,283
11 Oct 2015,284
12 Oct 2015,285
13 Oct 2015,286
14 Oct 2015,287
15 Oct 2015,288
16 Oct 2015,289
17 Oct 2015,290
18 Oct 2015,291
19 Oct 2015,292
20 Oct 2015,293
21 Oct 2015,294
22 Oct 2015,295
23 Oct 2015,296
24 Oct 2015,297
25 Oct 2015,298
26 Oct 2015,299
27 Oct 2015,300
28 Oct 2015,301
29 Oct 2015,302
30 Oct 2015,303
31 Oct 2015,304
01 Nov 2015,305
02 Nov 2015,306
03 Nov 2015,307
04 Nov 2015,308
05 Nov 2015,309
06 Nov 2015,310
07 Nov 2015,311
08 Nov 2015,312
09 Nov 2015,313
10 Nov 2015,314
11 Nov 2015,315
12 Nov 2015,316
13 Nov 2015,317
14 Nov 2015,318
15 Nov 2015,319
16 Nov 2015,320
17 Nov 2015,321
18 Nov 2015,322
19 Nov 2015,323
20 Nov 2015,324
21 Nov 2015,325
22 Nov 2015,326
23 Nov 2015,327
24 Nov 2015,328
25 Nov 2015,329
26 Nov 2015,330
27 Nov 2015,331
28 Nov 2015,332
29 Nov 2015,333
30 Nov 2015,334
01 Dec 2015,335
02 Dec 2015,336
03 Dec 2015,337
04 Dec 2015,338
05 Dec 2015,339
06 Dec 2015,340
07 Dec 2015,341
08 Dec 2015,342
09 Dec 2015,343
10 Dec 2015,344
11 Dec 2015,345
12 Dec 2015,346
13 Dec 2015,347
14 Dec 2015,348
15 Dec 2015,349
16 Dec 2015,350
17 Dec 2015,351
18 Dec 2015,352
19 Dec 2015,353
20 Dec 2015,354
21 Dec 2015,355
22 Dec 2015,356
23 Dec 2015,357
24 Dec 2015,358
25 Dec 2015,359
26 Dec 2015,360
27 Dec 2015,361
28 Dec 2015,362
29 Dec 2015,363
30 Dec 2015,364
31 Dec 2015,365
